query,entity_name,entity_type,description,source_id,file_path,created_at
市民的個人化的 AI 助理可以分析甚麼事情?,Decision Analysis,concept,Decision Analysis is the process of using uploaded data for informed decision-making.,chunk-eb8b6ea3bc1453edcd4ea2b06ecc025a,./inputs/能源中心與智慧電網.txt,1760432232
市民的個人化的 AI 助理可以分析甚麼事情?,Citizen,person,A citizen is an individual who is entitled to the rights and responsibilities of a member of a particular society or state.,chunk-197b44a9ab3ec13c1fc107b407614153,./inputs/公民AI助理的角色.txt,1760433011
市民的個人化的 AI 助理可以分析甚麼事情?,Personalized AI Assistant,concept,A personalized AI assistant is a concept that provides individualized support to citizens by analyzing their lifestyle patterns.,chunk-197b44a9ab3ec13c1fc107b407614153,./inputs/公民AI助理的角色.txt,1760433011
市民的個人化的 AI 助理可以分析甚麼事情?,個人行為,concept,Individual actions that interact with the cloud model to create a positive feedback loop with city operations.,chunk-67889f9c59eaba99a839486e0f8374c9,./inputs/公民AI助理的角色.txt,1760433010
市民的個人化的 AI 助理可以分析甚麼事情?,Lifestyle Pattern,concept,"A lifestyle pattern refers to the habitual behaviors, preferences, and routines that characterize an individual's way of life.",chunk-197b44a9ab3ec13c1fc107b407614153,./inputs/公民AI助理的角色.txt,1760433011
市民的個人化的 AI 助理可以分析甚麼事情?,Travel Advice,concept,"Travel Advice offers suggestions for efficient, sustainable, and healthy transportation options tailored to individual needs.",chunk-67fa9cfe1b510625e6077a975e5ac8b2,./inputs/公民AI助理的角色.txt,1760433011
市民的個人化的 AI 助理可以分析甚麼事情?,Assistant,concept,"Assistant is a system or entity that detects urban traffic congestion and energy peaks.<SEP>Assistant refers to the entity providing lifestyle analysis, energy conservation, health recommendations, and travel advice based on the input text.",chunk-ec21914d8f0fba3cf115a0d1985925ef<SEP>chunk-67fa9cfe1b510625e6077a975e5ac8b2,./inputs/公民AI助理的角色.txt,1760433010
市民的個人化的 AI 助理可以分析甚麼事情?,Weather Forecast,data,Weather forecast is data used by AI to adjust power supply.,chunk-98edab2bedb985603fbc7f84904fcf81,./inputs/能源中心與智慧電網.txt,1760432230
市民的個人化的 AI 助理可以分析甚麼事情?,Lifestyle Analysis,concept,Lifestyle Analysis refers to the examination of an individual's daily habits and routines to identify areas for improvement.,chunk-67fa9cfe1b510625e6077a975e5ac8b2,./inputs/公民AI助理的角色.txt,1760433011
市民的個人化的 AI 助理可以分析甚麼事情?,AI,concept,"AI is a system that automatically adjusts power supply based on weather forecasts and city electricity usage.<SEP>AI refers to artificial intelligence systems responsible for managing the Energy Center in Future City.<SEP>The artificial intelligence that enables the system's autonomous navigation to the fast charging station.<SEP>An artificial intelligence system capable of adjusting based on traffic flow, energy demand, and weather conditions.<SEP>AI refers to artificial intelligence systems that provide reports or information, though the specific content is incomplete in the text.<SEP>AI refers to the system or technology that generates reports and model results for public access.",chunk-60efa47a9588fffe56a77d9403dbaa0b<SEP>chunk-780885d3488524aa612424d934a12bea<SEP>chunk-98edab2bedb985603fbc7f84904fcf81<SEP>chunk-cd1c19cf4e7a3c4c12828f8710a1bf49<SEP>chunk-d77b85f67d8545f7d9d9d0c2f08951f8<SEP>chunk-d5edadc5b8bd3927a0b9de3fb2b64256,./inputs/能源中心與智慧電網.txt<SEP>./inputs/自駕交通與能源整合.txt<SEP>./inputs/政策與永續決策委員會.txt,1760433366
市民的個人化的 AI 助理可以分析甚麼事情?,Reports,content,Reports are documents produced by AI that are made available for citizens to review.,chunk-60efa47a9588fffe56a77d9403dbaa0b,./inputs/政策與永續決策委員會.txt,1760433366
市民的個人化的 AI 助理可以分析甚麼事情?,Power Supply,concept,Power supply refers to the system being adjusted by AI based on weather forecasts and city electricity usage.,chunk-98edab2bedb985603fbc7f84904fcf81,./inputs/能源中心與智慧電網.txt,1760432230
市民的個人化的 AI 助理可以分析甚麼事情?,Report,content,"A report provided by AI, though the specific content is incomplete in the text.",chunk-d5edadc5b8bd3927a0b9de3fb2b64256,./inputs/政策與永續決策委員會.txt,1760433366
市民的個人化的 AI 助理可以分析甚麼事情?,Automatic Power Adjustment,method,Automatic power adjustment is a method employed by AI to manage power supply based on weather forecasts and city electricity usage.,chunk-98edab2bedb985603fbc7f84904fcf81,./inputs/能源中心與智慧電網.txt,1760432230
市民的個人化的 AI 助理可以分析甚麼事情?,Assistants,concept,Assistants are entities that synchronize with the City Cloud Model to coordinate electricity management tasks.,chunk-5b01ab536505f871246e840bf6212428,./inputs/公民AI助理的角色.txt,1760433011
市民的個人化的 AI 助理可以分析甚麼事情?,Data Scientists,person,Data scientists are professionals who can utilize graphical instruments for analysis and decision-making.,chunk-0db6d0e150ebb29a169cbf3ed947c162,./inputs/雲端資料與城市模型.txt,1760432275
市民的個人化的 AI 助理可以分析甚麼事情?,City Cloud Model,concept,City Cloud Model is a system or framework that enables synchronization with assistants for managing electricity usage.,chunk-5b01ab536505f871246e840bf6212428,./inputs/公民AI助理的角色.txt,1760433011
市民的個人化的 AI 助理可以分析甚麼事情?,Decision-Making Process,concept,"The decision-making process is described as transparent and open, indicating a public and accountable approach to governance.",chunk-d5edadc5b8bd3927a0b9de3fb2b64256,./inputs/政策與永續決策委員會.txt,1760433366
市民的個人化的 AI 助理可以分析甚麼事情?,Health Recommendations,concept,Health Recommendations provide guidance on maintaining physical and mental well-being through lifestyle modifications.,chunk-67fa9cfe1b510625e6077a975e5ac8b2,./inputs/公民AI助理的角色.txt,1760433011
市民的個人化的 AI 助理可以分析甚麼事情?,City Electricity Usage,data,City electricity usage is data used by AI to adjust power supply.,chunk-98edab2bedb985603fbc7f84904fcf81,./inputs/能源中心與智慧電網.txt,1760432230
市民的個人化的 AI 助理可以分析甚麼事情?,Citizens,person,Citizens are the individuals who have access to AI-generated reports and model results.,chunk-60efa47a9588fffe56a77d9403dbaa0b,./inputs/政策與永續決策委員會.txt,1760433366
市民的個人化的 AI 助理可以分析甚麼事情?,Model Results,content,Model results are outputs generated by AI systems that are accessible to the public.,chunk-60efa47a9588fffe56a77d9403dbaa0b,./inputs/政策與永續決策委員會.txt,1760433366
